{"schemaVersion":"1.0","appDefinitionTemplate":{"id":"/providers/Microsoft.PowerApps/apps/","type":"Microsoft.PowerApps/apps","tags":{"primaryDeviceWidth":"640","primaryDeviceHeight":"1136","sienaVersion":"20200913T122538Z-3.20085.19.0","deviceCapabilities":"","supportsPortrait":"true","supportsLandscape":"false","primaryFormFactor":"Phone","publisherVersion":"3.20085.19","minimumRequiredApiVersion":"2.2.0","hasComponent":"false","hasUnlockedComponent":"false","isUnifiedRootApp":"false"},"properties":{"appVersion":"2020-09-13T12:25:38Z","lifeCycleId":"Published","createdByClientVersion":{"major":3,"minor":20085,"build":19,"revision":0,"majorRevision":0,"minorRevision":0},"minClientVersion":{"major":3,"minor":20085,"build":19,"revision":0,"majorRevision":0,"minorRevision":0},"backgroundColor":"rgba(0, 176, 240, 1)","backgroundImageUri":"/565810075810505159/Nb321f3b2-43dd-4c5d-8d8e-9c258f39cefc-logoSmallFile","displayName":"Recipe book MSA project","description":"","commitMessage":"","appUris":{"documentUri":{"value":"/565810075810505159/N1d587e92-ad26-4250-ae8b-b59de8e53e97-document.msapp","readonlyValue":"/565810075810505159/N1d587e92-ad26-4250-ae8b-b59de8e53e97-document.msapp"},"imageUris":[]},"createdTime":"0001-01-01T00:00:00Z","lastModifiedTime":"0001-01-01T00:00:00Z","sharedGroupsCount":0,"sharedUsersCount":0,"icons":{"smallIconUri":"/565810075810505159/Ncb7bc404-b3b1-4a4b-acea-2cf47e6a66d4-small.png","mediumIconUri":"/565810075810505159/N3b842ba2-4f88-4bb5-834a-8a20129ab39e-medium.png","largeIconUri":"/565810075810505159/N8304fd24-d314-401a-9196-8c03dc7b2d07-large.png","wideIconUri":"/565810075810505159/N079f1f4b-8483-465b-821b-3e1db6f31201-wide.png"},"connectionReferences":{"bb7713a4-c0e5-44b7-a0dd-61d3e306bc46":{"id":"584f2a62-d600-4104-b965-aa476bf731e2","displayName":"SharePoint","iconUri":"https://connectoricons-prod.azureedge.net/releases/v1.0.1389/1.0.1389.2117/sharepointonline/icon.png","dataSources":["Recipes"],"dependencies":[],"dependents":[],"parameterHints":{},"isOnPremiseConnection":false,"dataSets":{"https://rmiteduau.sharepoint.com/sites/Recipebook":{"dataSources":{"Recipes":{"tableName":"43cf5f01-edd4-4c9b-a684-645ebae09065"}}}},"apiTier":"Standard","isCustomApiConnection":false}},"databaseReferences":{},"almMode":"Environment","performanceOptimizationEnabled":true,"canConsumeAppPass":true},"isAppComponentLibrary":false,"appType":"ClassicCanvasApp","appComponents":[]}}